{"cameraMode":{"drawMode":0,"name":"Shaded","section":"Shading Mode"},"sceneLighting":false,"audioPlay":false,"sceneViewState":{"showFog":true,"showMaterialUpdate":true,"showSkybox":true,"showFlares":true,"showImageEffects":true,"showParticleSystems":true},"in2DMode":false,"pivot":{"x":0.6783890128135681,"y":-0.05976444110274315,"z":2.596526861190796},"rotation":{"x":0.2601635158061981,"y":0.1938955932855606,"z":-0.053422268480062488,"w":0.9444166421890259},"size":8.616713523864746,"orthographic":false}