{"cameraMode":{"drawMode":0,"name":"Shaded","section":"Shading Mode"},"sceneLighting":false,"audioPlay":false,"sceneViewState":{"showFog":true,"showMaterialUpdate":true,"showSkybox":true,"showFlares":true,"showImageEffects":true,"showParticleSystems":true},"in2DMode":false,"pivot":{"x":-1.9414734840393067,"y":1.8073580265045167,"z":0.1354585736989975},"rotation":{"x":0.07223701477050781,"y":-0.0167752206325531,"z":0.0012166071683168412,"w":0.9972542524337769},"size":5.02964448928833,"orthographic":false}