{"cameraMode":{"drawMode":0,"name":"Shaded","section":"Shading Mode"},"sceneLighting":true,"audioPlay":false,"sceneViewState":{"showFog":true,"showMaterialUpdate":false,"showSkybox":true,"showFlares":true,"showImageEffects":true,"showParticleSystems":true},"in2DMode":false,"pivot":{"x":4.415805816650391,"y":1.6196186542510987,"z":0.27704834938049319},"rotation":{"x":-0.2183249294757843,"y":-0.1754305362701416,"z":0.03993462771177292,"w":-0.9591535329818726},"size":12.074666023254395,"orthographic":false}