{"cameraMode":{"drawMode":0,"name":"Shaded","section":"Shading Mode"},"sceneLighting":false,"audioPlay":false,"sceneViewState":{"showFog":true,"showMaterialUpdate":true,"showSkybox":true,"showFlares":true,"showImageEffects":true,"showParticleSystems":true},"in2DMode":false,"pivot":{"x":0.13576221466064454,"y":3.156151056289673,"z":-10.680828094482422},"rotation":{"x":0.10843198746442795,"y":0.8877865672111511,"z":-0.3574640154838562,"w":0.2690563201904297},"size":40.010372161865237,"orthographic":false}