{"cameraMode":{"drawMode":0,"name":"Shaded","section":"Shading Mode"},"sceneLighting":false,"audioPlay":false,"sceneViewState":{"showFog":true,"showMaterialUpdate":true,"showSkybox":true,"showFlares":true,"showImageEffects":true,"showParticleSystems":true},"in2DMode":false,"pivot":{"x":0.5014259219169617,"y":12.450302124023438,"z":13.555152893066407},"rotation":{"x":0.013532961718738079,"y":0.38900676369667055,"z":0.005715272389352322,"w":-0.9211217164993286},"size":50.968170166015628,"orthographic":false}