{"cameraMode":{"drawMode":0,"name":"Shaded","section":"Shading Mode"},"sceneLighting":false,"audioPlay":false,"sceneViewState":{"showFog":true,"showMaterialUpdate":true,"showSkybox":true,"showFlares":true,"showImageEffects":true,"showParticleSystems":true},"in2DMode":false,"pivot":{"x":-2.687458966477152e-8,"y":0.6093099117279053,"z":-0.001929166610352695},"rotation":{"x":-0.34779712557792666,"y":0.12935474514961244,"z":-0.048523932695388797,"w":-0.9273521900177002},"size":3.810732364654541,"orthographic":false}