{"cameraMode":{"drawMode":0,"name":"Shaded","section":"Shading Mode"},"sceneLighting":false,"audioPlay":false,"sceneViewState":{"showFog":true,"showMaterialUpdate":true,"showSkybox":true,"showFlares":true,"showImageEffects":true,"showParticleSystems":true},"in2DMode":false,"pivot":{"x":-2.9552953243255617,"y":0.6373958587646484,"z":-0.3415636420249939},"rotation":{"x":-0.09873710572719574,"y":-0.09033037722110748,"z":0.009000374004244805,"w":-0.9909647703170776},"size":13.272768020629883,"orthographic":false}